News_Headline,Sentiment
Major international summit canceled due to disagreements,Negative
New regulations introduced for financial institutions,Neutral
Peace talks between Country X and Country Y show progress,Positive
Major data breach impacts millions of users,Negative
Major international summit canceled due to disagreements,Negative
International coalition formed to address global warming,Positive
Trade agreement signed between Country M and Country N,Positive
Luxury goods market sees unprecedented growth,Positive
Border skirmishes reported between Country U and Country V,Negative
Trade agreement signed between Country M and Country N,Positive
Country S withdraws from key international agreement,Negative
Country S withdraws from key international agreement,Negative
Border skirmishes reported between Country U and Country V,Negative
Investors cautious as inflation concerns rise,Negative
Humanitarian aid sent to war-torn regions,Positive
Military coup destabilizes Country Q,Negative
Housing market shows signs of recovery,Positive
Government announces stimulus package for small businesses,Positive
Pharmaceutical company announces breakthrough drug,Positive
Natural disaster disrupts supply chains,Negative
New regulations introduced for financial institutions,Neutral
Sanctions imposed on Country L by major powers,Negative
Sanctions imposed on Country L by major powers,Negative
Trade agreement signed between Country M and Country N,Positive
Luxury goods market sees unprecedented growth,Positive
Major international summit canceled due to disagreements,Negative
Major data breach impacts millions of users,Negative
Federal Reserve signals no change in interest rates,Neutral
Major data breach impacts millions of users,Negative
Luxury goods market sees unprecedented growth,Positive
Oil prices hit record highs amid supply concerns,Negative
Diplomatic relations improve between former adversaries,Positive
Global leaders pledge to improve trade relations,Positive
Global leaders pledge to improve trade relations,Positive
Climate summit concludes with limited agreements,Neutral
Diplomatic relations improve between former adversaries,Positive
Sanctions imposed on Country L by major powers,Negative
Peace talks between Country X and Country Y show progress,Positive
Trade agreement signed between Country M and Country N,Positive
New infrastructure deal signed between neighboring countries,Positive
New infrastructure deal signed between neighboring countries,Positive
Election results in Country Z bring political stability,Positive
Central bank increases interest rates by 0.5%,Negative
Major international summit canceled due to disagreements,Negative
Major data breach impacts millions of users,Negative
Housing market shows signs of recovery,Positive
Federal Reserve signals no change in interest rates,Neutral
Country S withdraws from key international agreement,Negative
Electric vehicle sales double compared to last year,Positive
Electric vehicle sales double compared to last year,Positive
Diplomatic relations improve between former adversaries,Positive
International coalition formed to address global warming,Positive
Federal Reserve signals no change in interest rates,Neutral
Country S withdraws from key international agreement,Negative
Sanctions imposed on Country L by major powers,Negative
Tech industry sees surge in AI investments,Positive
Trade agreement signed between Country M and Country N,Positive
Mass protests erupt in Country R over economic policies,Negative
Retail sector reports strong holiday sales,Positive
Talks stall over nuclear treaty discussions,Negative
Climate summit concludes with limited agreements,Neutral
Election results in Country Z bring political stability,Positive
Pharmaceutical company announces breakthrough drug,Positive
Trade agreement signed between Country M and Country N,Positive
Housing market shows signs of recovery,Positive
Large-scale merger announced in telecommunications sector,Positive
Oil prices hit record highs amid supply concerns,Negative
Major international summit canceled due to disagreements,Negative
New infrastructure deal signed between neighboring countries,Positive
Border skirmishes reported between Country U and Country V,Negative
Retail sector reports strong holiday sales,Positive
Electric vehicle sales double compared to last year,Positive
Investors cautious as inflation concerns rise,Negative
Major company files for bankruptcy,Negative
Talks stall over nuclear treaty discussions,Negative
Investors cautious as inflation concerns rise,Negative
Major international summit canceled due to disagreements,Negative
New infrastructure deal signed between neighboring countries,Positive
Major international summit canceled due to disagreements,Negative
Stock market surges after strong quarterly earnings reports,Positive
Tensions escalate between Country A and Country B over border dispute,Negative
Luxury goods market sees unprecedented growth,Positive
Major data breach impacts millions of users,Negative
Talks stall over nuclear treaty discussions,Negative
Peace talks between Country X and Country Y show progress,Positive
Election results in Country Z bring political stability,Positive
Housing market shows signs of recovery,Positive
Global economic slowdown fears increase,Negative
Central bank increases interest rates by 0.5%,Negative
Sanctions imposed on Country L by major powers,Negative
Government announces stimulus package for small businesses,Positive
Country S withdraws from key international agreement,Negative
Uncertainty looms over upcoming elections in Country W,Negative
Peace talks between Country X and Country Y show progress,Positive
Election results in Country Z bring political stability,Positive
New regulations introduced for financial institutions,Neutral
New infrastructure deal signed between neighboring countries,Positive
International coalition formed to address global warming,Positive
Cryptocurrency market experiences volatility,Neutral
Peace talks between Country X and Country Y show progress,Positive
Luxury goods market sees unprecedented growth,Positive
Global economic slowdown fears increase,Negative
Tech sector sees massive layoffs,Negative
Election results in Country Z bring political stability,Positive
Major data breach impacts millions of users,Negative
Trade agreement signed between Country M and Country N,Positive
Mass protests erupt in Country R over economic policies,Negative
Stock market surges after strong quarterly earnings reports,Positive
Luxury goods market sees unprecedented growth,Positive
Election results in Country Z bring political stability,Positive
Uncertainty looms over upcoming elections in Country W,Negative
Mass protests erupt in Country R over economic policies,Negative
Tech sector sees massive layoffs,Negative
Tensions escalate between Country A and Country B over border dispute,Negative
Sanctions imposed on Country L by major powers,Negative
Pharmaceutical company announces breakthrough drug,Positive
Tech sector sees massive layoffs,Negative
Global leaders pledge to improve trade relations,Positive
Global leaders pledge to improve trade relations,Positive
Talks stall over nuclear treaty discussions,Negative
Talks stall over nuclear treaty discussions,Negative
Large-scale merger announced in telecommunications sector,Positive
New infrastructure deal signed between neighboring countries,Positive
Mass protests erupt in Country R over economic policies,Negative
Peace talks between Country X and Country Y show progress,Positive
Sanctions imposed on Country L by major powers,Negative
Trade agreement signed between Country M and Country N,Positive
Humanitarian aid sent to war-torn regions,Positive
Peace talks between Country X and Country Y show progress,Positive
Natural disaster disrupts supply chains,Negative
Climate summit concludes with limited agreements,Neutral
Sanctions imposed on Country L by major powers,Negative
Talks stall over nuclear treaty discussions,Negative
Border skirmishes reported between Country U and Country V,Negative
Tech industry sees surge in AI investments,Positive
International coalition formed to address global warming,Positive
Stock market surges after strong quarterly earnings reports,Positive
Global economic slowdown fears increase,Negative
Electric vehicle sales double compared to last year,Positive
Humanitarian aid sent to war-torn regions,Positive
Trade agreement signed between Country M and Country N,Positive
Mass protests erupt in Country R over economic policies,Negative
International coalition formed to address global warming,Positive
Peace talks between Country X and Country Y show progress,Positive
Uncertainty looms over upcoming elections in Country W,Negative
Tech industry sees surge in AI investments,Positive
Uncertainty looms over upcoming elections in Country W,Negative
Diplomatic relations improve between former adversaries,Positive
New infrastructure deal signed between neighboring countries,Positive
Electric vehicle sales double compared to last year,Positive
Investors cautious as inflation concerns rise,Negative
Tech sector sees massive layoffs,Negative
Central bank increases interest rates by 0.5%,Negative
Major international summit canceled due to disagreements,Negative
Luxury goods market sees unprecedented growth,Positive
New regulations introduced for financial institutions,Neutral
Talks stall over nuclear treaty discussions,Negative
New infrastructure deal signed between neighboring countries,Positive
Oil prices hit record highs amid supply concerns,Negative
New infrastructure deal signed between neighboring countries,Positive
Major company files for bankruptcy,Negative
Federal Reserve signals no change in interest rates,Neutral
Investors cautious as inflation concerns rise,Negative
Retail sector reports strong holiday sales,Positive
Luxury goods market sees unprecedented growth,Positive
New regulations introduced for financial institutions,Neutral
Sanctions imposed on Country L by major powers,Negative
Climate summit concludes with limited agreements,Neutral
Humanitarian aid sent to war-torn regions,Positive
Large-scale merger announced in telecommunications sector,Positive
Border skirmishes reported between Country U and Country V,Negative
Retail sector reports strong holiday sales,Positive
Central bank increases interest rates by 0.5%,Negative
Mass protests erupt in Country R over economic policies,Negative
Oil prices hit record highs amid supply concerns,Negative
Federal Reserve signals no change in interest rates,Neutral
New infrastructure deal signed between neighboring countries,Positive
Major data breach impacts millions of users,Negative
Peace talks between Country X and Country Y show progress,Positive
Refugee crisis worsens due to ongoing conflict in Country T,Negative
Peace talks between Country X and Country Y show progress,Positive
Electric vehicle sales double compared to last year,Positive
Natural disaster disrupts supply chains,Negative
Stock market surges after strong quarterly earnings reports,Positive
Natural disaster disrupts supply chains,Negative
Major data breach impacts millions of users,Negative
Stock market surges after strong quarterly earnings reports,Positive
Tensions escalate between Country A and Country B over border dispute,Negative
Central bank increases interest rates by 0.5%,Negative
Federal Reserve signals no change in interest rates,Neutral
Investors cautious as inflation concerns rise,Negative
Sanctions imposed on Country L by major powers,Negative
Uncertainty looms over upcoming elections in Country W,Negative
Refugee crisis worsens due to ongoing conflict in Country T,Negative
Tech sector sees massive layoffs,Negative
Luxury goods market sees unprecedented growth,Positive
Global leaders pledge to improve trade relations,Positive
Military coup destabilizes Country Q,Negative
Humanitarian aid sent to war-torn regions,Positive
Global leaders pledge to improve trade relations,Positive
US president killed by terrorists,Negative
Tensions escalate between US and China over trade,Negative
Breakthrough peace deal signed in Middle East,Positive
Global oil prices surge as major supplier cuts output,Negative
Tech giant reports record-breaking quarterly earnings,Positive
Earthquake disrupts manufacturing hub in Japan,Negative
Federal Reserve announces unexpected interest rate hike,Negative
Major airline declares bankruptcy amid rising fuel costs,Negative
Government launches massive infrastructure stimulus program,Positive
Global markets rally as inflation cools down,Positive
Cyberattack hits major financial institution,Negative
Leading pharmaceutical company announces cure for major disease,Positive
Unexpected resignation of top tech CEO shocks investors,Negative
New environmental regulations boost green energy stocks,Positive
Mass protests erupt across Europe due to rising living costs,Negative
News_Headline,Sentiment
Major international summit canceled due to disagreements,Negative
New regulations introduced for financial institutions,Neutral
Peace talks between Country X and Country Y show progress,Positive
Major data breach impacts millions of users,Negative
Major international summit canceled due to disagreements,Negative
International coalition formed to address global warming,Positive
Trade agreement signed between Country M and Country N,Positive
Luxury goods market sees unprecedented growth,Positive
Border skirmishes reported between Country U and Country V,Negative
Trade agreement signed between Country M and Country N,Positive
Country S withdraws from key international agreement,Negative
Country S withdraws from key international agreement,Negative
Border skirmishes reported between Country U and Country V,Negative
Investors cautious as inflation concerns rise,Negative
Humanitarian aid sent to war-torn regions,Positive
Military coup destabilizes Country Q,Negative
Housing market shows signs of recovery,Positive
Government announces stimulus package for small businesses,Positive
Pharmaceutical company announces breakthrough drug,Positive
Natural disaster disrupts supply chains,Negative
New regulations introduced for financial institutions,Neutral
Sanctions imposed on Country L by major powers,Negative
Sanctions imposed on Country L by major powers,Negative
Trade agreement signed between Country M and Country N,Positive
Luxury goods market sees unprecedented growth,Positive
Major international summit canceled due to disagreements,Negative
Major data breach impacts millions of users,Negative
Federal Reserve signals no change in interest rates,Neutral
Major data breach impacts millions of users,Negative
Luxury goods market sees unprecedented growth,Positive
Oil prices hit record highs amid supply concerns,Negative
Diplomatic relations improve between former adversaries,Positive
Global leaders pledge to improve trade relations,Positive
Global leaders pledge to improve trade relations,Positive
Climate summit concludes with limited agreements,Neutral
Diplomatic relations improve between former adversaries,Positive
Sanctions imposed on Country L by major powers,Negative
Peace talks between Country X and Country Y show progress,Positive
Trade agreement signed between Country M and Country N,Positive
New infrastructure deal signed between neighboring countries,Positive
New infrastructure deal signed between neighboring countries,Positive
Election results in Country Z bring political stability,Positive
Central bank increases interest rates by 0.5%,Negative
Major international summit canceled due to disagreements,Negative
Major data breach impacts millions of users,Negative
Housing market shows signs of recovery,Positive
Federal Reserve signals no change in interest rates,Neutral
Country S withdraws from key international agreement,Negative
Electric vehicle sales double compared to last year,Positive
Electric vehicle sales double compared to last year,Positive
Diplomatic relations improve between former adversaries,Positive
International coalition formed to address global warming,Positive
Federal Reserve signals no change in interest rates,Neutral
Country S withdraws from key international agreement,Negative
Sanctions imposed on Country L by major powers,Negative
Tech industry sees surge in AI investments,Positive
Trade agreement signed between Country M and Country N,Positive
Mass protests erupt in Country R over economic policies,Negative
Retail sector reports strong holiday sales,Positive
Talks stall over nuclear treaty discussions,Negative
Climate summit concludes with limited agreements,Neutral
Election results in Country Z bring political stability,Positive
Pharmaceutical company announces breakthrough drug,Positive
Trade agreement signed between Country M and Country N,Positive
Housing market shows signs of recovery,Positive
Large-scale merger announced in telecommunications sector,Positive
Oil prices hit record highs amid supply concerns,Negative
Major international summit canceled due to disagreements,Negative
New infrastructure deal signed between neighboring countries,Positive
Border skirmishes reported between Country U and Country V,Negative
Retail sector reports strong holiday sales,Positive
Electric vehicle sales double compared to last year,Positive
Investors cautious as inflation concerns rise,Negative
Major company files for bankruptcy,Negative
Talks stall over nuclear treaty discussions,Negative
Investors cautious as inflation concerns rise,Negative
Major international summit canceled due to disagreements,Negative
New infrastructure deal signed between neighboring countries,Positive
Major international summit canceled due to disagreements,Negative
Stock market surges after strong quarterly earnings reports,Positive
Tensions escalate between Country A and Country B over border dispute,Negative
Luxury goods market sees unprecedented growth,Positive
Major data breach impacts millions of users,Negative
Talks stall over nuclear treaty discussions,Negative
Peace talks between Country X and Country Y show progress,Positive
Election results in Country Z bring political stability,Positive
Housing market shows signs of recovery,Positive
Global economic slowdown fears increase,Negative
Central bank increases interest rates by 0.5%,Negative
Sanctions imposed on Country L by major powers,Negative
Government announces stimulus package for small businesses,Positive
Country S withdraws from key international agreement,Negative
Uncertainty looms over upcoming elections in Country W,Negative
Peace talks between Country X and Country Y show progress,Positive
Election results in Country Z bring political stability,Positive
New regulations introduced for financial institutions,Neutral
New infrastructure deal signed between neighboring countries,Positive
International coalition formed to address global warming,Positive
Cryptocurrency market experiences volatility,Neutral
Peace talks between Country X and Country Y show progress,Positive
Luxury goods market sees unprecedented growth,Positive
Global economic slowdown fears increase,Negative
Tech sector sees massive layoffs,Negative
Election results in Country Z bring political stability,Positive
Major data breach impacts millions of users,Negative
Trade agreement signed between Country M and Country N,Positive
Mass protests erupt in Country R over economic policies,Negative
Stock market surges after strong quarterly earnings reports,Positive
Luxury goods market sees unprecedented growth,Positive
Election results in Country Z bring political stability,Positive
Uncertainty looms over upcoming elections in Country W,Negative
Mass protests erupt in Country R over economic policies,Negative
Tech sector sees massive layoffs,Negative
Tensions escalate between Country A and Country B over border dispute,Negative
Sanctions imposed on Country L by major powers,Negative
Pharmaceutical company announces breakthrough drug,Positive
Tech sector sees massive layoffs,Negative
Global leaders pledge to improve trade relations,Positive
Global leaders pledge to improve trade relations,Positive
Talks stall over nuclear treaty discussions,Negative
Talks stall over nuclear treaty discussions,Negative
Large-scale merger announced in telecommunications sector,Positive
New infrastructure deal signed between neighboring countries,Positive
Mass protests erupt in Country R over economic policies,Negative
Peace talks between Country X and Country Y show progress,Positive
Sanctions imposed on Country L by major powers,Negative
Trade agreement signed between Country M and Country N,Positive
Humanitarian aid sent to war-torn regions,Positive
Peace talks between Country X and Country Y show progress,Positive
Natural disaster disrupts supply chains,Negative
Climate summit concludes with limited agreements,Neutral
Sanctions imposed on Country L by major powers,Negative
Talks stall over nuclear treaty discussions,Negative
Border skirmishes reported between Country U and Country V,Negative
Tech industry sees surge in AI investments,Positive
International coalition formed to address global warming,Positive
Stock market surges after strong quarterly earnings reports,Positive
Global economic slowdown fears increase,Negative
Electric vehicle sales double compared to last year,Positive
Humanitarian aid sent to war-torn regions,Positive
Trade agreement signed between Country M and Country N,Positive
Mass protests erupt in Country R over economic policies,Negative
International coalition formed to address global warming,Positive
Peace talks between Country X and Country Y show progress,Positive
Uncertainty looms over upcoming elections in Country W,Negative
Tech industry sees surge in AI investments,Positive
Uncertainty looms over upcoming elections in Country W,Negative
Diplomatic relations improve between former adversaries,Positive
New infrastructure deal signed between neighboring countries,Positive
Electric vehicle sales double compared to last year,Positive
Investors cautious as inflation concerns rise,Negative
Tech sector sees massive layoffs,Negative
Central bank increases interest rates by 0.5%,Negative
Major international summit canceled due to disagreements,Negative
Luxury goods market sees unprecedented growth,Positive
New regulations introduced for financial institutions,Neutral
Talks stall over nuclear treaty discussions,Negative
New infrastructure deal signed between neighboring countries,Positive
Oil prices hit record highs amid supply concerns,Negative
New infrastructure deal signed between neighboring countries,Positive
Major company files for bankruptcy,Negative
Federal Reserve signals no change in interest rates,Neutral
Investors cautious as inflation concerns rise,Negative
Retail sector reports strong holiday sales,Positive
Luxury goods market sees unprecedented growth,Positive
New regulations introduced for financial institutions,Neutral
Sanctions imposed on Country L by major powers,Negative
Climate summit concludes with limited agreements,Neutral
Humanitarian aid sent to war-torn regions,Positive
Large-scale merger announced in telecommunications sector,Positive
Border skirmishes reported between Country U and Country V,Negative
Retail sector reports strong holiday sales,Positive
Central bank increases interest rates by 0.5%,Negative
Mass protests erupt in Country R over economic policies,Negative
Oil prices hit record highs amid supply concerns,Negative
Federal Reserve signals no change in interest rates,Neutral
New infrastructure deal signed between neighboring countries,Positive
Major data breach impacts millions of users,Negative
Peace talks between Country X and Country Y show progress,Positive
Refugee crisis worsens due to ongoing conflict in Country T,Negative
Peace talks between Country X and Country Y show progress,Positive
Electric vehicle sales double compared to last year,Positive
Natural disaster disrupts supply chains,Negative
Stock market surges after strong quarterly earnings reports,Positive
Natural disaster disrupts supply chains,Negative
Major data breach impacts millions of users,Negative
Stock market surges after strong quarterly earnings reports,Positive
Tensions escalate between Country A and Country B over border dispute,Negative
Central bank increases interest rates by 0.5%,Negative
Federal Reserve signals no change in interest rates,Neutral
Investors cautious as inflation concerns rise,Negative
Sanctions imposed on Country L by major powers,Negative
Uncertainty looms over upcoming elections in Country W,Negative
Refugee crisis worsens due to ongoing conflict in Country T,Negative
Tech sector sees massive layoffs,Negative
Luxury goods market sees unprecedented growth,Positive
Global leaders pledge to improve trade relations,Positive
Military coup destabilizes Country Q,Negative
Humanitarian aid sent to war-torn regions,Positive
Global leaders pledge to improve trade relations,Positive

